min_angle_lleg,min_angle_rleg,min_angle_waist,down_time,up_time,similarity,Neck,RShoulder,RElbow,RWrist,LShoulder,LElbow,LWrist,MidHip,RHip,RKnee,RAnkle,LHip,LKnee,LAnkle,grade
38.938914746066764,38.78326668687804,74.96466158890289,42,40,100.00000000000006,1.0,1.0,1.0,1.0,1.0,1.0,1.0,1.0,1.0,1.0,1.0,1.0,1.0,1.0,A
35.40002134337806,38.899829536809236,75.77535900501485,37,42,91.0445618889548,0.775,0.825,0.825,0.55,0.825,0.7,0.575,0.9125,0.925,1.0,1.0,0.9125,1.0,1.0,A
32.57988497874488,35.67451049912434,75.30137886163266,51,47,99.54729592236981,0.8585858585858586,0.8181818181818181,0.7777777777777778,0.6363636363636364,0.8484848484848485,0.8080808080808081,0.595959595959596,0.8080808080808081,0.8080808080808081,1.0,1.0,0.8181818181818181,1.0,1.0,A
31.4931960172879,35.24695701287136,75.87839879773479,52,46,99.73328243218538,0.8181818181818181,0.8181818181818181,0.5757575757575757,0.4747474747474747,0.797979797979798,0.7171717171717171,0.4949494949494949,0.797979797979798,0.797979797979798,1.0,1.0,0.8282828282828283,1.0,1.0,A
31.702416598313647,35.145808605454214,75.80284968159981,46,46,99.17030009565883,0.989247311827957,0.967741935483871,0.5161290322580645,0.3655913978494624,0.978494623655914,0.6236559139784946,0.3763440860215054,0.9139784946236559,0.9139784946236559,1.0,1.0,0.946236559139785,1.0,1.0,A
39.57497804818375,39.94132260162666,48.44340848382907,41,37,89.00990560702529,0.16455696202531644,0.16455696202531644,0.6835443037974683,0.430379746835443,0.189873417721519,0.5949367088607596,0.4810126582278481,0.8481012658227848,0.9113924050632911,1.0,1.0,0.8227848101265822,1.0,1.0,A
30.57917603054683,34.905242673152145,76.58827595908913,44,40,99.82269305863515,0.8823529411764706,0.8705882352941177,0.5647058823529412,0.388235294117647,0.8588235294117648,0.6588235294117647,0.42352941176470593,0.8235294117647058,0.8352941176470589,1.0,1.0,0.8352941176470589,1.0,1.0,A
32.58459946128164,36.29645415111829,75.54085527021356,43,40,98.32899676632783,1.0,1.0,0.6428571428571428,0.47619047619047616,1.0,0.7619047619047619,0.5,1.0,1.0,1.0,1.0,1.0,1.0,1.0,A
36.2080211512023,35.502541666115434,74.96394832943334,46,41,99.85878005212743,0.8636363636363636,0.8409090909090909,0.5568181818181819,0.4204545454545454,0.8295454545454546,0.7613636363636364,0.4772727272727273,0.8181818181818181,0.8409090909090909,1.0,1.0,0.8068181818181819,1.0,1.0,A
26.296893057388964,44.009999193175936,73.57160166638862,37,37,86.20864953047689,0.6666666666666667,0.8133333333333334,0.9333333333333333,0.9466666666666667,0.6666666666666667,0.5066666666666666,0.29333333333333333,0.6533333333333333,0.6799999999999999,0.42666666666666664,1.0,0.6,0.28,1.0,A
26.523142638730405,50.589456807712025,70.36285865793225,37,36,84.1448410515703,0.3918918918918919,0.7432432432432432,0.05405405405405406,0.027027027027026973,0.2567567567567568,0.04054054054054057,0.027027027027026973,0.527027027027027,0.5540540540540541,0.33783783783783783,1.0,0.4054054054054054,0.3513513513513513,1.0,A
15.071542292806908,42.105486492199404,72.87073822314007,38,36,90.27695628171055,0.9333333333333333,1.0,1.0,0.64,0.88,0.76,0.3733333333333333,0.8266666666666667,0.88,0.3866666666666667,1.0,0.8,0.3466666666666667,1.0,A
18.44986030127743,52.4014723832389,75.89693949773172,38,37,81.68228151668691,0.6447368421052632,0.7894736842105263,1.0,0.6842105263157895,0.6710526315789473,0.9210526315789473,0.868421052631579,0.5,0.5263157894736843,0.2763157894736842,1.0,0.4605263157894737,0.3026315789473685,1.0,A
16.379400183680268,45.08293492544579,73.0177527001261,41,39,87.59421043271755,0.8518518518518519,0.9259259259259259,0.5061728395061729,0.2098765432098766,0.8395061728395061,0.5061728395061729,0.18518518518518523,0.7037037037037037,0.7777777777777778,0.654320987654321,1.0,0.6049382716049383,0.3580246913580247,1.0,A
28.363361970867338,52.301340088008544,73.74855701086027,39,36,80.75727049898023,0.631578947368421,0.7763157894736842,0.7631578947368421,0.6447368421052632,0.631578947368421,0.6578947368421053,0.5,0.5394736842105263,0.5657894736842105,0.3421052631578947,1.0,0.4605263157894737,0.2763157894736842,1.0,A
15.662969768503334,50.21804547156565,72.54192293573702,42,37,81.94898555328271,0.8875,1.0,0.925,0.6875,0.925,1.0,0.825,0.475,0.6875,0.22499999999999998,1.0,0.4625,0.26249999999999996,1.0,A
9.511396791242275,47.95902539763897,72.36099116031265,42,37,83.54973355041388,1.0,1.0,0.9125,0.575,0.9125,1.0,0.7,0.75,0.875,0.23750000000000004,1.0,0.675,0.26249999999999996,1.0,A
14.352873956048843,45.64351512033674,72.88497449080015,46,36,83.60729893940018,0.7951807228915663,0.8554216867469879,0.8072289156626506,0.7108433734939759,0.7590361445783133,0.6506024096385542,0.5783132530120482,0.7349397590361446,0.7951807228915663,0.24096385542168675,1.0,0.6746987951807228,0.27710843373493976,1.0,A
14.148236954939996,44.15967729560061,74.13659371422355,40,36,88.56435997336189,0.974025974025974,1.0,0.7402597402597403,0.4545454545454546,0.987012987012987,0.8181818181818181,0.7012987012987013,0.961038961038961,0.974025974025974,0.2597402597402597,1.0,0.8441558441558441,0.3116883116883117,1.0,A
35.56358084425878,34.42663313139541,74.26748979643257,44,42,99.54310347187725,0.9425287356321839,0.9770114942528736,0.7126436781609196,0.4367816091954023,0.9655172413793104,0.735632183908046,0.5172413793103448,1.0,1.0,1.0,1.0,1.0,1.0,1.0,A
38.16030590516943,35.446608180813,73.75870318501384,44,42,97.81686190739563,0.8505747126436781,0.8850574712643678,0.7816091954022988,0.3563218390804598,0.8275862068965517,0.7241379310344828,0.4022988505747126,0.9540229885057472,1.0,1.0,1.0,0.9310344827586207,1.0,1.0,A
33.39384959733358,32.74288233863856,73.9499434812469,40,47,94.06884626005993,0.9318181818181819,0.9431818181818182,0.6022727272727273,0.44318181818181823,0.9318181818181819,0.6022727272727273,0.5,0.8977272727272727,0.9090909090909091,1.0,1.0,0.8977272727272727,1.0,1.0,A
39.27844426099841,37.755342460606826,74.9583963382655,48,48,97.78906917657108,0.9278350515463918,0.9484536082474226,0.5567010309278351,0.4639175257731959,0.9278350515463918,0.6804123711340206,0.4948453608247423,0.979381443298969,1.0,1.0,1.0,0.9690721649484536,1.0,1.0,A
34.73805633582278,35.42187857602397,75.90398972126557,47,43,99.7804860749137,1.0,1.0,0.4945054945054945,0.43956043956043955,1.0,0.6373626373626373,0.4945054945054945,0.9340659340659341,0.9560439560439561,1.0,1.0,0.9340659340659341,1.0,1.0,A
38.47223421997915,36.22153085443919,73.73111006118327,45,45,99.5783682256945,0.8791208791208791,0.8351648351648352,0.5934065934065934,0.39560439560439564,0.8791208791208791,0.6373626373626373,0.3846153846153846,1.0,1.0,1.0,1.0,1.0,1.0,1.0,A
34.48165016496872,34.20278526619381,74.24425913767179,46,43,99.8176112233777,0.9444444444444444,0.9,0.8666666666666667,0.6444444444444444,0.8888888888888888,0.8111111111111111,0.4111111111111111,0.9444444444444444,0.9555555555555556,1.0,1.0,0.9333333333333333,1.0,1.0,A
32.75446590324836,32.771739625351024,74.81214489792895,51,45,99.88166935415224,0.7422680412371134,0.731958762886598,0.41237113402061853,0.31958762886597936,0.731958762886598,0.4948453608247423,0.3917525773195877,0.731958762886598,0.731958762886598,1.0,1.0,0.7422680412371134,1.0,1.0,A
30.417919766742646,33.13637126512293,77.37672983223673,52,46,99.64573643510505,0.6868686868686869,0.6666666666666667,0.46464646464646464,0.4040404040404041,0.6868686868686869,0.4949494949494949,0.2727272727272727,0.696969696969697,0.7070707070707071,1.0,1.0,0.6868686868686869,0.9494949494949495,1.0,A
35.08101188618283,34.54798307148978,75.70044930939373,51,47,99.08601617032252,0.7474747474747474,0.7373737373737373,0.48484848484848486,0.4040404040404041,0.7373737373737373,0.5555555555555556,0.3232323232323232,0.7272727272727273,0.7272727272727273,0.9696969696969697,1.0,0.7171717171717171,0.8888888888888888,1.0,A
38.5102610420982,37.74747686594203,74.57991274149006,50,46,98.80639275274551,0.6597938144329897,0.6804123711340206,0.5567010309278351,0.44329896907216493,0.6597938144329897,0.5257731958762887,0.31958762886597936,0.6597938144329897,0.7010309278350515,0.9690721649484536,1.0,0.6701030927835052,0.9690721649484536,1.0,A
42.07850092257607,39.39942800665197,75.08080091341785,48,45,99.24710024019484,0.925531914893617,0.851063829787234,0.5531914893617021,0.36170212765957444,0.9042553191489362,0.5531914893617021,0.34042553191489366,0.8404255319148937,0.851063829787234,1.0,1.0,0.8297872340425532,1.0,1.0,A
40.74070222364385,38.260214708633896,74.27953948232961,52,42,99.59573415717445,0.7263157894736842,0.7052631578947368,0.5052631578947369,0.3789473684210526,0.6631578947368422,0.5368421052631579,0.33684210526315794,0.7473684210526316,0.7578947368421053,1.0,1.0,0.7578947368421053,1.0,1.0,A
37.0144658573622,35.442414106506696,76.78754391806659,48,48,99.41353232676516,0.9484536082474226,0.8865979381443299,0.5154639175257731,0.3917525773195877,0.979381443298969,0.5773195876288659,0.3711340206185567,0.9072164948453608,0.9278350515463918,1.0,1.0,0.9072164948453608,1.0,1.0,A
32.87413931920561,33.11977662147607,76.19100964289962,52,42,99.78511100082278,0.6842105263157895,0.7263157894736842,0.5157894736842106,0.3789473684210526,0.6421052631578947,0.5578947368421052,0.3789473684210526,0.736842105263158,0.7157894736842105,1.0,1.0,0.7263157894736842,1.0,1.0,A
10.553592995012691,41.61338594551316,71.96048726917864,40,37,85.00971370675911,0.8205128205128205,0.8717948717948718,0.9487179487179487,0.8461538461538461,0.8076923076923077,0.46153846153846156,0.42307692307692313,0.7692307692307692,0.7948717948717949,0.4358974358974359,1.0,0.6025641025641026,0.33333333333333337,1.0,A
-11.031037628728244,39.82031573182026,76.51221024060047,38,36,85.49630743809973,0.7866666666666666,0.9733333333333334,0.88,0.7066666666666667,0.9466666666666667,0.7466666666666666,0.56,0.5333333333333333,0.6799999999999999,0.7733333333333333,1.0,0.4933333333333333,0.30666666666666664,1.0,A
-0.6574849453129934,39.3804237879347,76.43262004754779,38,37,89.3226242337189,0.8289473684210527,0.881578947368421,0.48684210526315785,0.3026315789473685,0.8289473684210527,0.7105263157894737,0.39473684210526316,0.7894736842105263,0.8026315789473684,0.7105263157894737,1.0,0.6578947368421053,0.2763157894736842,1.0,A
-17.360946329948497,43.25286111312729,74.66761061673074,39,35,81.88725677654396,0.6266666666666667,0.8,0.5466666666666666,0.3466666666666667,0.6533333333333333,0.41333333333333333,0.09333333333333338,0.4666666666666667,0.6133333333333333,0.30666666666666664,1.0,0.42666666666666664,0.28,1.0,A
23.0690718818818,41.16137612183875,74.88941238849357,37,35,89.44333702699538,1.0,1.0,0.9452054794520548,0.6027397260273972,0.8767123287671232,0.4383561643835616,0.4246575342465754,0.6027397260273972,0.589041095890411,1.0,1.0,0.589041095890411,0.4931506849315068,1.0,A
18.515797591062967,38.498332283451745,73.24047561037415,41,34,89.50323816197393,0.9342105263157895,1.0,0.9605263157894737,0.6578947368421053,0.881578947368421,0.19736842105263153,0.10526315789473684,0.881578947368421,0.8947368421052632,0.6447368421052632,1.0,0.7894736842105263,0.3157894736842105,1.0,A
19.038751946774962,37.34252799416329,75.07999434002451,38,33,91.24468258179067,0.9722222222222222,1.0,0.8888888888888888,0.7222222222222222,0.9583333333333334,0.8611111111111112,0.6388888888888888,0.9444444444444444,0.9444444444444444,0.7083333333333333,1.0,0.8194444444444444,0.375,1.0,A
19.5339850822903,39.104830217279556,74.48892122521346,39,35,88.4410746679936,0.7333333333333334,0.8933333333333333,0.9066666666666666,0.7066666666666667,0.6666666666666667,0.36,0.3466666666666667,0.7333333333333334,0.7733333333333333,0.5866666666666667,1.0,0.6799999999999999,0.31999999999999995,1.0,A
19.841318870386154,36.15878535721704,75.56791571474912,40,34,90.96517990666219,0.8266666666666667,0.8933333333333333,0.8,0.41333333333333333,0.8,0.5866666666666667,0.45333333333333337,0.88,0.9066666666666666,0.8133333333333334,1.0,0.8133333333333334,0.4,1.0,A
23.51928952323016,39.06386022047756,75.01941409924459,39,33,85.28091411406442,0.7397260273972603,0.821917808219178,0.821917808219178,0.4657534246575342,0.7397260273972603,0.6575342465753424,0.34246575342465757,0.726027397260274,0.7671232876712328,0.6575342465753424,1.0,0.6301369863013699,0.2465753424657534,1.0,A
14.432382445138273,35.19652306109087,76.247676553168,39,34,88.94964642899936,0.9189189189189189,0.972972972972973,0.8513513513513513,0.472972972972973,0.8648648648648649,0.527027027027027,0.3783783783783784,0.9054054054054054,0.9189189189189189,0.6756756756756757,1.0,0.7837837837837838,0.33783783783783783,1.0,A
19.388611234287122,36.45748566188024,75.1503715005181,39,33,91.06021816433307,0.9452054794520548,1.0,0.7808219178082192,0.31506849315068497,0.904109589041096,0.9315068493150684,0.6986301369863014,0.8904109589041096,0.904109589041096,0.7671232876712328,1.0,0.821917808219178,0.34246575342465757,1.0,A
17.98824902709793,34.43452442100492,76.91036053372683,38,36,93.28219668344738,0.9466666666666667,1.0,0.7866666666666666,0.30666666666666664,0.8133333333333334,0.96,0.7866666666666666,0.9733333333333334,0.9733333333333334,0.84,1.0,0.7733333333333333,0.31999999999999995,1.0,A
18.631998401834203,34.619371347582714,76.22945744465005,40,34,92.10735030743734,0.84,0.96,0.8133333333333334,0.41333333333333333,0.7466666666666666,0.4666666666666667,0.30666666666666664,0.92,0.92,0.8666666666666667,1.0,0.9066666666666666,0.52,1.0,B
94.04678880800455,69.99006337114658,74.88994248959469,46,39,76.91438903010236,0.5116279069767442,0.5232558139534884,0.6046511627906976,0.6162790697674418,0.5,0.4883720930232558,0.40697674418604646,0.5581395348837209,0.5697674418604651,1.0,1.0,0.5581395348837209,1.0,1.0,B
97.2649739723018,66.09234844809149,73.27963782942847,43,47,76.67035888185606,0.6703296703296704,0.7032967032967032,1.0,0.7252747252747253,0.6923076923076923,1.0,0.9010989010989011,0.6263736263736264,0.6263736263736264,1.0,1.0,0.6263736263736264,1.0,1.0,B
85.97786864593466,62.62623640378235,75.78439725608794,54,46,79.08060230161311,0.5742574257425743,0.594059405940594,0.8217821782178218,0.4257425742574258,0.5742574257425743,0.7722772277227723,0.5148514851485149,0.5742574257425743,0.594059405940594,1.0,1.0,0.5742574257425743,1.0,1.0,B
78.02810618013714,60.503287367296444,74.69113973763795,51,46,82.5203290161797,0.7448979591836735,1.0,0.9285714285714286,0.40816326530612246,0.7040816326530612,0.9897959183673469,0.5408163265306123,0.6326530612244898,0.6428571428571428,1.0,1.0,0.6326530612244898,1.0,1.0,B
73.3264411771799,57.30437446909698,76.22114617907746,50,52,88.88656217985687,0.8446601941747574,0.9320388349514563,0.8446601941747574,0.3786407766990292,0.854368932038835,0.883495145631068,0.7669902912621359,0.7864077669902912,0.8252427184466019,1.0,1.0,0.7475728155339806,1.0,1.0,B
76.49068009137764,60.30421847287247,76.34175469555547,56,45,85.58861208938394,0.43137254901960786,0.4607843137254902,0.696078431372549,0.4509803921568627,0.43137254901960786,0.5294117647058824,0.43137254901960786,0.43137254901960786,0.42156862745098034,1.0,1.0,0.43137254901960786,1.0,1.0,B
77.93715812423545,59.82929433968073,77.00873815410054,56,43,86.79035184631672,0.44999999999999996,0.48,0.7,0.45999999999999996,0.43000000000000005,0.65,0.56,0.48,0.48,1.0,1.0,0.48,1.0,1.0,B
82.7148283023863,61.95621519380761,75.87593094879114,51,44,80.91190307879295,0.6666666666666667,0.7083333333333333,0.8229166666666666,0.39583333333333337,0.65625,0.96875,0.625,0.6354166666666667,0.6354166666666667,1.0,1.0,0.625,1.0,1.0,B
87.27146764587145,65.96360491258824,76.0803197183443,46,52,80.8623264599421,0.7171717171717171,0.7474747474747474,0.9494949494949495,0.29292929292929293,0.7171717171717171,0.9696969696969697,0.9494949494949495,0.6767676767676767,0.6767676767676767,0.9090909090909091,1.0,0.6565656565656566,1.0,1.0,B
97.43477400448849,68.03057546923077,75.94545959844659,53,43,77.15339283140376,0.4948453608247423,0.5154639175257731,0.7731958762886598,0.4226804123711341,0.4948453608247423,0.5051546391752577,0.5154639175257731,0.5670103092783505,0.5876288659793815,1.0,1.0,0.5670103092783505,1.0,1.0,B
44.19712601450685,39.564211648369174,73.99024954526038,28,28,79.68625800796485,0.5087719298245614,0.5263157894736843,0.5087719298245614,0.3157894736842105,0.5087719298245614,0.4035087719298246,0.22807017543859653,0.543859649122807,0.5614035087719298,0.9298245614035088,1.0,0.543859649122807,1.0,1.0,B
38.138004881011014,36.31146315993156,72.89808424542284,27,28,83.16651316544744,0.5178571428571428,0.4821428571428571,0.4642857142857143,0.2857142857142857,0.5178571428571428,0.375,0.1607142857142857,0.5178571428571428,0.5535714285714286,0.7678571428571428,1.0,0.5178571428571428,0.9464285714285714,1.0,B
31.144677730888517,34.515007751078635,73.95863646960203,31,32,86.34193230277009,0.515625,0.484375,0.34375,0.25,0.53125,0.28125,0.140625,0.53125,0.546875,0.890625,1.0,0.53125,1.0,1.0,B
30.6003452339892,34.1914997713563,72.3140235139411,29,31,83.6509379767391,0.5245901639344263,0.5081967213114754,0.5081967213114754,0.39344262295081966,0.5081967213114754,0.34426229508196726,0.21311475409836067,0.540983606557377,0.540983606557377,0.639344262295082,1.0,0.540983606557377,0.8360655737704918,1.0,B
30.843815725695528,32.35309410140419,72.90911854850623,28,37,80.49446986351896,0.5151515151515151,0.5303030303030303,0.5454545454545454,0.5454545454545454,0.5151515151515151,0.3939393939393939,0.21212121212121215,0.6818181818181819,0.6818181818181819,0.9090909090909091,1.0,0.6515151515151515,1.0,1.0,B
32.13362649676591,36.04049654288223,73.30407183912486,29,70,72.80322333643394,0.55,0.61,0.6699999999999999,0.5900000000000001,0.5800000000000001,0.53,0.27,0.65,0.64,1.0,1.0,0.65,1.0,1.0,B
26.36677481207986,32.40957239817663,75.09799721241953,30,62,72.9452102767118,0.3978494623655914,0.3978494623655914,0.31182795698924726,0.22580645161290325,0.3978494623655914,0.27956989247311825,0.19354838709677424,0.4193548387096774,0.4086021505376344,0.9247311827956989,1.0,0.4086021505376344,1.0,1.0,B
33.440698961391405,35.9647902363085,75.157708279304,34,67,76.30684846459127,0.5098039215686274,0.5196078431372548,0.5196078431372548,0.7156862745098039,0.5098039215686274,0.4019607843137255,0.2647058823529411,0.5588235294117647,0.5686274509803921,1.0,1.0,0.5294117647058824,1.0,1.0,B
30.077741979374558,35.725991475596416,75.53749519856711,32,70,73.31097156449536,0.6601941747572815,0.7281553398058253,0.7087378640776699,0.6893203883495146,0.6699029126213591,0.4854368932038835,0.35922330097087374,0.7184466019417476,0.7281553398058253,1.0,1.0,0.7087378640776699,1.0,1.0,B
38.23300186533162,38.48497729511754,75.16450142662583,29,55,70.30774800762143,0.4,0.42352941176470593,0.3411764705882353,0.18823529411764706,0.44705882352941173,0.16470588235294115,0.14117647058823535,0.4117647058823529,0.4,0.9764705882352941,1.0,0.3647058823529412,1.0,1.0,B
29.707354144391662,35.93067505669589,75.05426537590782,53,38,82.75669203363964,0.6847826086956521,0.7717391304347826,0.75,0.5434782608695652,0.6956521739130435,0.6847826086956521,0.5652173913043479,0.6630434782608696,0.6521739130434783,1.0,1.0,0.6630434782608696,1.0,1.0,B
30.142965755596535,33.84642113355755,74.81093396779845,53,43,86.26903186503313,0.7525773195876289,0.8350515463917526,0.7628865979381443,0.45360824742268047,0.8144329896907216,0.6804123711340206,0.45360824742268047,0.7628865979381443,0.7731958762886598,0.7938144329896908,1.0,0.7422680412371134,1.0,1.0,B
36.25170694482575,36.81258930297402,76.12535802716019,57,29,81.11357056129401,0.7586206896551724,0.7701149425287357,0.5057471264367817,0.4137931034482759,0.7241379310344828,0.5632183908045977,0.367816091954023,0.8505747126436781,0.8275862068965517,0.9310344827586207,1.0,0.8735632183908046,1.0,1.0,B
42.834482012454025,37.89787240880468,75.53279447756366,47,25,71.1604096688469,0.7123287671232876,0.726027397260274,0.6849315068493151,0.726027397260274,0.6849315068493151,0.6301369863013699,0.4931506849315068,0.7397260273972603,0.726027397260274,1.0,1.0,0.7123287671232876,1.0,1.0,B
43.11343069409851,39.202990816909214,75.75536677857302,51,28,77.61900119317355,0.725,0.8125,0.875,0.525,0.7125,0.7125,0.6625,0.75,0.7625,1.0,1.0,0.7375,1.0,1.0,B
85.17225646203092,71.38362737104306,75.06641992226922,40,33,67.2582433055035,0.33783783783783783,0.3783783783783784,0.2702702702702703,0.17567567567567566,0.3513513513513513,0.14864864864864868,0.08108108108108103,0.43243243243243246,0.44594594594594594,0.45945945945945943,1.0,0.4054054054054054,0.6081081081081081,1.0,B
75.682050645827,67.78483619524313,74.58043782338274,40,34,71.29497106407914,0.33333333333333337,0.3866666666666667,0.2533333333333333,0.21333333333333337,0.3466666666666667,0.1333333333333333,0.053333333333333344,0.45333333333333337,0.4666666666666667,0.3733333333333333,1.0,0.43999999999999995,0.45333333333333337,1.0,B
71.52645487609597,65.9308386351215,76.57891159936223,40,35,73.23428706568234,0.3421052631578947,0.39473684210526316,0.32894736842105265,0.32894736842105265,0.3421052631578947,0.21052631578947367,0.19736842105263153,0.42105263157894735,0.4342105263157895,0.5263157894736843,1.0,0.39473684210526316,0.7631578947368421,1.0,B
75.18553429103912,61.0062648861787,74.59811370937096,42,35,75.80601854439038,0.3717948717948718,0.4358974358974359,0.28205128205128205,0.17948717948717952,0.3717948717948718,0.16666666666666663,0.10256410256410253,0.5,0.5,0.9102564102564102,1.0,0.47435897435897434,0.6923076923076923,1.0,B
80.98226315511954,62.63716656225492,74.57944773389887,39,36,73.79417181693421,0.4078947368421053,0.4605263157894737,0.4078947368421053,0.4078947368421053,0.39473684210526316,0.3157894736842105,0.32894736842105265,0.48684210526315785,0.48684210526315785,0.8552631578947368,1.0,0.4736842105263158,0.631578947368421,1.0,B
63.359102715364095,56.404001743310786,76.08315385688007,41,34,79.72241235468829,0.4473684210526315,0.4736842105263158,0.48684210526315785,0.39473684210526316,0.4473684210526315,0.39473684210526316,0.381578947368421,0.5,0.5,0.9210526315789473,1.0,0.5,0.631578947368421,1.0,B
69.68387976442236,59.98612484476539,75.64378637016574,41,33,74.58323044866594,0.41333333333333333,0.42666666666666664,0.31999999999999995,0.18666666666666665,0.42666666666666664,0.2533333333333333,0.10666666666666669,0.5066666666666666,0.5333333333333333,0.6266666666666667,1.0,0.4933333333333333,0.5066666666666666,1.0,B
79.68674442100229,62.01426008397142,76.26060023274033,39,34,70.85908374056386,0.41891891891891897,0.472972972972973,0.3513513513513513,0.3783783783783784,0.3783783783783784,0.3648648648648649,0.33783783783783783,0.5,0.5,0.9054054054054054,1.0,0.472972972972973,0.3513513513513513,1.0,B
86.94092037362437,65.42037075554231,77.36971781805562,42,33,73.87343891724137,0.4736842105263158,0.5,0.4342105263157895,0.4473684210526315,0.4736842105263158,0.4078947368421053,0.4078947368421053,0.5,0.5,1.0,1.0,0.5,1.0,1.0,B
33.80582992940853,43.17977842707724,73.87807054510942,32,28,83.07834959713199,0.4426229508196722,0.5245901639344263,0.11475409836065575,0.08196721311475408,0.4590163934426229,0.09836065573770492,0.049180327868852514,0.5245901639344263,0.5573770491803278,0.5901639344262295,1.0,0.5081967213114754,0.4918032786885246,1.0,B
32.62382071123217,42.29609087277687,73.6350593206575,31,29,84.48470228026429,0.540983606557377,0.639344262295082,0.09836065573770492,0.049180327868852514,0.540983606557377,0.06557377049180324,0.032786885245901676,0.5901639344262295,0.6229508196721312,0.6557377049180328,1.0,0.5573770491803278,0.3770491803278688,1.0,B
27.92621268843228,39.351971090620296,74.49894121986489,33,30,85.78431474377624,0.546875,0.59375,0.390625,0.15625,0.515625,0.125,0.0625,0.53125,0.609375,0.53125,1.0,0.53125,0.359375,1.0,B
28.44895297813004,39.258358106867384,73.14606601391586,33,30,83.73979796108597,0.421875,0.53125,0.3125,0.234375,0.3125,0.125,0.078125,0.515625,0.53125,0.421875,1.0,0.484375,0.328125,1.0,B
26.57543130579536,36.570613914600386,72.74188516758421,32,30,87.54742675784232,0.4444444444444444,0.5396825396825398,0.17460317460317465,0.04761904761904767,0.3650793650793651,0.06349206349206349,0.031746031746031744,0.6190476190476191,0.6507936507936508,0.6666666666666667,1.0,0.5714285714285714,0.6031746031746033,1.0,B
18.138486690880338,39.53416253986595,74.73800534992954,50,31,80.6318525165695,0.6829268292682926,0.926829268292683,0.46341463414634143,0.4390243902439024,0.5975609756097561,0.13414634146341464,0.07317073170731703,0.8658536585365854,0.9024390243902439,0.47560975609756095,1.0,0.7073170731707317,0.3292682926829268,1.0,B
18.55790122621109,38.922135622454455,76.22658111257479,41,29,82.7699170462457,0.647887323943662,0.7887323943661972,0.676056338028169,0.6056338028169015,0.5492957746478873,0.2676056338028169,0.16901408450704225,0.8169014084507042,0.8169014084507042,0.6901408450704225,1.0,0.7887323943661972,0.45070422535211263,1.0,B
19.18932476517029,36.925937894792995,74.21817718506686,48,28,75.65993434333228,0.6753246753246753,0.7662337662337663,0.5064935064935066,0.24675324675324672,0.6363636363636364,0.16883116883116878,0.07792207792207795,0.7532467532467533,0.7792207792207793,0.5324675324675325,1.0,0.7272727272727273,0.35064935064935066,1.0,B
13.390156964475477,35.42592939232187,75.00170421111811,41,27,82.18931833160595,0.7246376811594203,0.7681159420289855,0.5507246376811594,0.3623188405797102,0.7101449275362319,0.26086956521739135,0.10144927536231885,0.7246376811594203,0.7536231884057971,0.6231884057971014,1.0,0.6811594202898551,0.33333333333333337,1.0,B
13.009824297438094,35.25669566136765,75.18301914442944,41,27,80.48116616506005,0.6956521739130435,0.782608695652174,0.6086956521739131,0.4492753623188406,0.6811594202898551,0.37681159420289856,0.1594202898550725,0.7391304347826086,0.7971014492753623,0.6811594202898551,1.0,0.6956521739130435,0.2753623188405797,1.0,B
16.919310362497466,34.02605680235909,73.04879300493833,33,46,80.51780353898171,0.5625,0.6,0.050000000000000044,0.025000000000000022,0.5625,0.03749999999999998,0.025000000000000022,0.625,0.65,0.5875,1.0,0.5875,0.42500000000000004,1.0,B
23.486842529240764,39.64766125531322,73.79417529159505,33,45,83.18635104190824,0.5063291139240507,0.5316455696202531,0.05063291139240511,0.025316455696202556,0.5316455696202531,0.05063291139240511,0.025316455696202556,0.5822784810126582,0.5949367088607596,0.5569620253164558,1.0,0.5822784810126582,0.2911392405063291,1.0,B
14.913356400718902,35.16773302113206,74.72342281242095,31,51,72.71311463106828,0.4457831325301205,0.4337349397590361,0.24096385542168675,0.06024096385542166,0.4457831325301205,0.15662650602409633,0.06024096385542166,0.5542168674698795,0.5783132530120482,0.8072289156626506,1.0,0.5060240963855422,0.4457831325301205,1.0,B
14.571745480047884,33.70192069127829,74.6248179324963,32,42,80.20429269498196,0.5733333333333333,0.6266666666666667,0.28,0.07999999999999996,0.56,0.053333333333333344,0.026666666666666616,0.72,0.6533333333333333,0.8266666666666667,1.0,0.6266666666666667,0.30666666666666664,1.0,B
148.31198721996353,100.71904357599999,78.45462659070179,39,42,42.02628221008704,0.2682926829268293,0.2804878048780488,0.29268292682926833,0.19512195121951215,0.29268292682926833,0.2195121951219512,0.1585365853658537,0.36585365853658536,0.35365853658536583,0.30487804878048785,1.0,0.3414634146341463,0.5487804878048781,1.0,C
146.1236727023106,101.08657905698213,79.06151747209223,51,44,44.84420087196091,0.38541666666666663,0.38541666666666663,0.44791666666666663,0.5416666666666667,0.40625,0.41666666666666663,0.42708333333333337,0.40625,0.39583333333333337,0.38541666666666663,1.0,0.38541666666666663,0.6145833333333333,1.0,C
146.57099155477854,100.36851358961594,79.71894377997266,56,40,45.000454624064545,0.48453608247422686,0.48453608247422686,0.5257731958762887,0.48453608247422686,0.4742268041237113,0.48453608247422686,0.45360824742268047,0.4948453608247423,0.4948453608247423,0.4329896907216495,1.0,0.48453608247422686,0.5876288659793815,1.0,C
142.81922270295618,101.11983474210291,79.84720863285733,43,48,47.20939519684788,0.34782608695652173,0.3369565217391305,0.40217391304347827,0.4347826086956522,0.3586956521739131,0.3586956521739131,0.32608695652173914,0.3913043478260869,0.3804347826086957,0.40217391304347827,1.0,0.3804347826086957,0.6956521739130435,1.0,C
143.8377123929326,104.38628302256956,80.59041741804016,44,45,43.39979751998905,0.3111111111111111,0.30000000000000004,0.38888888888888884,0.4444444444444444,0.3222222222222222,0.3111111111111111,0.30000000000000004,0.3555555555555555,0.34444444444444444,0.4111111111111111,1.0,0.34444444444444444,0.6555555555555556,1.0,C
175.18027671378707,176.64203152597145,88.34314419012046,2,21,4.551349619041391,0.33333333333333337,0.33333333333333337,0.33333333333333337,0.29166666666666663,0.33333333333333337,0.33333333333333337,0.375,0.29166666666666663,0.29166666666666663,0.5416666666666667,1.0,0.29166666666666663,0.625,1.0,C
143.43829855400497,99.00379155055873,79.57717196972422,53,37,46.75539970608557,0.4065934065934066,0.39560439560439564,0.46153846153846156,0.5054945054945055,0.4065934065934066,0.4285714285714286,0.4285714285714286,0.41758241758241754,0.4065934065934066,0.46153846153846156,1.0,0.39560439560439564,0.8021978021978022,1.0,C
146.3526258675648,105.00052231309681,79.64865419178838,47,41,41.51050776131964,0.2921348314606742,0.2921348314606742,0.3258426966292135,0.2247191011235955,0.2921348314606742,0.2921348314606742,0.2471910112359551,0.3258426966292135,0.3146067415730337,0.2921348314606742,1.0,0.3033707865168539,0.5617977528089888,1.0,C
142.7915903007438,101.61640742286276,79.94311048010249,54,43,42.67852955835879,0.3877551020408163,0.36734693877551017,0.3877551020408163,0.41836734693877553,0.3979591836734694,0.36734693877551017,0.34693877551020413,0.40816326530612246,0.3979591836734694,0.36734693877551017,1.0,0.3979591836734694,0.6326530612244898,1.0,C
141.79637083373277,99.91649077099551,75.55720928637433,52,35,45.75840399353673,0.4545454545454546,0.46590909090909094,0.5,0.5340909090909092,0.46590909090909094,0.46590909090909094,0.375,0.44318181818181823,0.43181818181818177,0.34090909090909094,1.0,0.43181818181818177,0.6136363636363636,1.0,C
92.24397290037425,66.81009245602546,73.86311974171119,32,76,63.259269766287716,0.4954128440366973,0.5321100917431192,0.6605504587155964,0.8348623853211009,0.5045871559633027,0.5045871559633027,0.4311926605504587,0.5045871559633027,0.47706422018348627,0.45871559633027525,1.0,0.5045871559633027,0.6697247706422018,1.0,C
98.90124406035805,62.28064970864072,75.95898807076803,31,70,57.79620124515917,0.33333333333333337,0.36274509803921573,0.5196078431372548,0.5686274509803921,0.3431372549019608,0.42156862745098034,0.4411764705882353,0.3431372549019608,0.32352941176470584,0.6176470588235294,1.0,0.3431372549019608,0.6372549019607843,1.0,C
101.67975559053399,66.58562671885228,76.5977925618804,29,73,59.849311708218025,0.3980582524271845,0.41747572815533984,0.49514563106796117,0.6310679611650485,0.4271844660194175,0.3980582524271845,0.4077669902912622,0.4271844660194175,0.4271844660194175,0.7961165048543689,1.0,0.4368932038834952,0.7669902912621359,1.0,C
119.93102825641887,72.00672724269461,77.34180929126161,29,72,54.78693174579762,0.3529411764705882,0.3529411764705882,0.3921568627450981,0.6274509803921569,0.36274509803921573,0.303921568627451,0.2941176470588235,0.38235294117647056,0.37254901960784315,0.7254901960784313,1.0,0.38235294117647056,0.6862745098039216,1.0,C
109.8009062747897,68.94409179625397,77.71552199955445,29,81,53.46407011704637,0.18309859154929575,0.18309859154929575,0.295774647887324,0.49295774647887325,0.21126760563380287,0.22535211267605637,0.3661971830985915,0.22535211267605637,0.22535211267605637,0.6619718309859155,0.9859154929577465,0.21126760563380287,0.7464788732394366,0.9859154929577465,C
126.49813513730567,75.38329416115835,77.26152513042659,77,29,48.33850581146222,0.4672897196261683,0.5046728971962617,0.5981308411214954,0.9813084112149533,0.485981308411215,0.5327102803738317,0.5887850467289719,0.485981308411215,0.485981308411215,0.5887850467289719,1.0,0.485981308411215,0.6261682242990654,1.0,C
124.85595076731028,76.68810851524,79.44626398121834,63,29,52.47875379826529,0.4623655913978495,0.4731182795698925,0.4623655913978495,0.5913978494623655,0.4408602150537635,0.4193548387096774,0.4838709677419355,0.5483870967741935,0.5268817204301075,0.7311827956989247,1.0,0.5913978494623655,0.8279569892473118,1.0,C
118.57540316411058,72.60658375686359,78.68652148942765,28,70,57.64236325447395,0.29292929292929293,0.3232323232323232,0.4040404040404041,0.8686868686868687,0.29292929292929293,0.31313131313131315,0.21212121212121215,0.3535353535353535,0.3434343434343434,0.8787878787878788,1.0,0.36363636363636365,0.9191919191919192,1.0,C
117.60996221462557,74.90128405751366,79.36207667579612,90,27,48.859158618221926,0.19718309859154926,0.21126760563380287,0.22535211267605637,0.22535211267605637,0.21126760563380287,0.21126760563380287,0.22535211267605637,0.22535211267605637,0.22535211267605637,0.2535211267605634,1.0,0.21126760563380287,0.3802816901408451,1.0,C
120.34577160419735,71.28945816862301,79.1456953001274,81,29,46.95823704885401,0.3153153153153153,0.3513513513513513,0.39639639639639634,0.5855855855855856,0.32432432432432434,0.2702702702702703,0.25225225225225223,0.4054054054054054,0.39639639639639634,0.43243243243243246,1.0,0.4054054054054054,0.6216216216216216,1.0,C
120.51631788962422,65.31717058547504,78.04354672428516,23,26,50.351572316625564,0.4,0.4,0.28,0.18000000000000005,0.4,0.16000000000000003,0.07999999999999996,0.42000000000000004,0.42000000000000004,0.76,1.0,0.42000000000000004,0.8,1.0,C
125.29604005664612,72.62540662468662,80.42072844030326,26,27,47.515130687362955,0.2592592592592593,0.2592592592592593,0.2407407407407407,0.2222222222222222,0.2777777777777778,0.18518518518518523,0.09259259259259256,0.2777777777777778,0.2777777777777778,0.537037037037037,1.0,0.2777777777777778,0.6111111111111112,1.0,C
136.99251637729742,77.87039017084157,80.47927543556595,24,26,43.70926962502645,0.3921568627450981,0.3921568627450981,0.4117647058823529,0.3921568627450981,0.3921568627450981,0.3921568627450981,0.1568627450980392,0.4117647058823529,0.4117647058823529,0.7058823529411764,1.0,0.4117647058823529,0.7058823529411764,1.0,C
135.20521865214164,73.07644347590197,79.87347044467046,24,26,45.530753858222305,0.3921568627450981,0.4117647058823529,0.4117647058823529,0.4901960784313726,0.43137254901960786,0.3921568627450981,0.0980392156862745,0.43137254901960786,0.43137254901960786,0.7058823529411764,1.0,0.43137254901960786,0.6470588235294117,1.0,C
124.41547632020111,67.35214992474614,78.29991856881492,25,26,48.98434711584222,0.3846153846153846,0.3846153846153846,0.3653846153846154,0.32692307692307687,0.3846153846153846,0.34615384615384615,0.07692307692307687,0.3846153846153846,0.3846153846153846,0.75,1.0,0.3846153846153846,0.7692307692307692,1.0,C
121.16298424764983,90.79533736321626,77.87143391127815,39,32,54.212778479722814,0.3055555555555556,0.3472222222222222,0.23611111111111116,0.1527777777777778,0.3194444444444444,0.16666666666666663,0.125,0.3472222222222222,0.36111111111111116,0.4722222222222222,1.0,0.3472222222222222,0.5,1.0,C
120.29051238007185,88.509627443647,76.64727743722202,34,30,54.59756419828633,0.32307692307692304,0.3384615384615385,0.24615384615384617,0.16923076923076918,0.32307692307692304,0.23076923076923073,0.18461538461538463,0.3846153846153846,0.3846153846153846,0.5692307692307692,1.0,0.3538461538461538,0.6307692307692307,1.0,C
129.07109056361108,89.51695170316181,76.85817590935656,37,30,50.327923153936524,0.27941176470588236,0.32352941176470584,0.2941176470588235,0.23529411764705888,0.2941176470588235,0.25,0.20588235294117652,0.3529411764705882,0.3529411764705882,0.5294117647058824,1.0,0.3529411764705882,0.5147058823529411,1.0,C
120.3917753478332,90.12185435942664,77.35049931561568,46,32,49.21682770458608,0.25316455696202533,0.30379746835443033,0.17721518987341767,0.1392405063291139,0.189873417721519,0.12658227848101267,0.05063291139240511,0.3417721518987342,0.3417721518987342,0.36708860759493667,1.0,0.3291139240506329,0.5063291139240507,1.0,C
117.81230755934286,89.52028184122281,77.91279006907466,36,28,54.571241619519675,0.32307692307692304,0.3846153846153846,0.3076923076923077,0.2615384615384615,0.3538461538461538,0.2615384615384615,0.2153846153846154,0.41538461538461535,0.41538461538461535,0.5846153846153845,1.0,0.41538461538461535,0.5692307692307692,1.0,C
119.34762341372746,90.29195183012281,77.03287234977468,33,30,54.28534195336702,0.3125,0.34375,0.296875,0.25,0.3125,0.25,0.125,0.375,0.390625,0.421875,1.0,0.359375,0.515625,1.0,C
112.93945828545374,87.14030490480319,78.87497673024313,36,30,57.08360556300212,0.28358208955223885,0.34328358208955223,0.26865671641791045,0.19402985074626866,0.29850746268656714,0.19402985074626866,0.13432835820895528,0.3880597014925373,0.3880597014925373,0.417910447761194,1.0,0.3880597014925373,0.5223880597014925,1.0,C
116.38904756192504,87.45370177481743,77.68686767021585,33,31,55.160906719727606,0.3076923076923077,0.3538461538461538,0.3076923076923077,0.23076923076923073,0.32307692307692304,0.29230769230769227,0.3384615384615385,0.3538461538461538,0.3538461538461538,0.6307692307692307,1.0,0.3538461538461538,0.6461538461538461,1.0,C
115.68187513803682,86.57271730283628,77.91142982697761,34,31,55.00281029255805,0.33333333333333337,0.33333333333333337,0.3484848484848485,0.303030303030303,0.33333333333333337,0.33333333333333337,0.25757575757575757,0.3939393939393939,0.3787878787878788,0.6515151515151515,1.0,0.3787878787878788,0.6666666666666667,1.0,C
75.14266644872777,67.1897151676779,75.48373650585278,66,28,63.29756485363265,0.6631578947368422,0.6947368421052631,0.5894736842105264,0.4,0.6631578947368422,0.28421052631578947,0.0736842105263158,0.6736842105263158,0.6842105263157895,0.9473684210526316,1.0,0.6526315789473685,0.6736842105263158,1.0,C
76.63018268973327,67.2908116449776,76.22317907072245,61,31,65.0909548039853,0.4086021505376344,0.4408602150537635,0.34408602150537637,0.24731182795698925,0.4086021505376344,0.29032258064516125,0.23655913978494625,0.4408602150537635,0.4516129032258065,0.7849462365591398,1.0,0.4408602150537635,0.6666666666666667,1.0,C
77.58771610213681,67.12757602801,75.97103387075127,52,28,68.31122121598975,0.4320987654320988,0.49382716049382713,0.308641975308642,0.19753086419753085,0.4320987654320988,0.308641975308642,0.2716049382716049,0.5061728395061729,0.5061728395061729,0.9382716049382716,1.0,0.49382716049382713,0.7283950617283951,1.0,C
83.8185293631774,69.68629216359,75.55469006237773,60,30,63.937386643321474,0.43956043956043955,0.5054945054945055,0.37362637362637363,0.29670329670329665,0.43956043956043955,0.25274725274725274,0.1428571428571429,0.43956043956043955,0.43956043956043955,0.9010989010989011,1.0,0.43956043956043955,0.5274725274725275,1.0,C
89.65446381990449,70.72349601584314,75.5899104481261,58,26,57.333527457916105,0.388235294117647,0.388235294117647,0.3647058823529412,0.22352941176470587,0.388235294117647,0.3411764705882353,0.3294117647058824,0.47058823529411764,0.47058823529411764,0.6941176470588235,1.0,0.47058823529411764,0.6705882352941177,1.0,C
99.66767563219123,78.76346976815039,76.3751645183339,35,47,66.42830503189212,0.3493975903614458,0.3855421686746988,0.048192771084337394,0.02409638554216864,0.3614457831325302,0.03614457831325302,0.02409638554216864,0.4698795180722891,0.4819277108433735,0.9397590361445783,1.0,0.4698795180722891,0.8192771084337349,1.0,C
89.26451317118376,74.84885063295759,76.70597157383456,32,51,64.4803957338969,0.2857142857142857,0.29761904761904767,0.1071428571428571,0.059523809523809534,0.29761904761904767,0.04761904761904767,0.023809523809523836,0.41666666666666663,0.41666666666666663,0.6904761904761905,1.0,0.3928571428571429,0.7142857142857143,1.0,C
81.62515332744454,70.69805780761136,77.11103435422949,33,47,68.54850025675867,0.308641975308642,0.345679012345679,0.308641975308642,0.2716049382716049,0.345679012345679,0.16049382716049387,0.11111111111111116,0.3950617283950617,0.3950617283950617,0.7037037037037037,1.0,0.345679012345679,0.9012345679012346,1.0,C
88.43365466078998,64.01823620022095,76.39620408621387,46,26,73.28363196169323,0.5205479452054795,0.547945205479452,0.36986301369863017,0.3561643835616438,0.5342465753424658,0.4246575342465754,0.31506849315068497,0.589041095890411,0.5616438356164384,1.0,1.0,0.6027397260273972,1.0,1.0,C
84.28410887100169,66.03758965966479,75.59083760640715,44,25,65.24040130333243,0.37142857142857144,0.4285714285714286,0.3571428571428571,0.3142857142857143,0.4285714285714286,0.2857142857142857,0.24285714285714288,0.5285714285714286,0.5,0.8714285714285714,1.0,0.5,0.6714285714285715,1.0,C
96.15794667486496,71.6560546315537,75.72925846394376,25,24,59.56774066313832,0.38,0.38,0.28,0.19999999999999996,0.38,0.07999999999999996,0.06000000000000005,0.4,0.4,0.76,1.0,0.4,0.6,1.0,C
74.83810739955761,60.9492075334397,77.47282202789496,27,25,68.71207533735534,0.39622641509433965,0.39622641509433965,0.2075471698113207,0.1132075471698113,0.39622641509433965,0.09433962264150941,0.05660377358490565,0.41509433962264153,0.41509433962264153,0.7169811320754718,1.0,0.41509433962264153,0.7924528301886793,1.0,C
107.27937994756759,68.33593907714038,76.44392018253156,26,25,61.64971935194356,0.40384615384615385,0.42307692307692313,0.3653846153846154,0.17307692307692313,0.42307692307692313,0.09615384615384615,0.07692307692307687,0.4423076923076923,0.4423076923076923,0.8076923076923077,1.0,0.42307692307692313,0.8076923076923077,1.0,C
99.69916413179088,69.16804997432544,78.05523759213307,26,25,61.64213741702682,0.3846153846153846,0.40384615384615385,0.3076923076923077,0.21153846153846156,0.40384615384615385,0.11538461538461542,0.09615384615384615,0.42307692307692313,0.42307692307692313,0.7884615384615384,1.0,0.42307692307692313,0.75,1.0,C
92.2057232392002,66.73048937643004,76.88847574282303,26,24,62.88026818111788,0.37254901960784315,0.37254901960784315,0.2549019607843137,0.13725490196078427,0.37254901960784315,0.07843137254901966,0.05882352941176472,0.3921568627450981,0.3921568627450981,0.6862745098039216,1.0,0.3921568627450981,0.6470588235294117,1.0,F
131.81487027331863,80.5131071507503,64.86252901174714,81,48,46.50717227263303,0.41538461538461535,0.4461538461538461,0.4076923076923077,0.12307692307692308,0.46153846153846156,0.1384615384615384,0.09999999999999998,0.43846153846153846,0.4461538461538461,0.2384615384615385,1.0,0.41538461538461535,0.36923076923076925,1.0,F
126.9094318384917,81.70662969306869,61.87078763992954,72,40,44.95880497496924,0.5309734513274336,0.7256637168141593,0.8230088495575221,0.17699115044247793,0.504424778761062,0.23008849557522126,0.2566371681415929,0.33628318584070793,0.3097345132743363,0.23893805309734517,1.0,0.3982300884955752,0.3008849557522124,1.0,F
143.41127527183488,90.48245687587608,59.669220456842204,76,43,41.75381552786169,0.2416666666666667,0.35,0.14166666666666672,0.05833333333333335,0.16666666666666663,0.09999999999999998,0.07499999999999996,0.32499999999999996,0.3916666666666667,0.25,1.0,0.4,0.3416666666666667,1.0,F
152.11111356668545,97.98498834306822,62.07912733523538,69,42,42.12477715428984,0.3214285714285714,0.3482142857142857,0.4196428571428571,0.1964285714285714,0.3125,0.1875,0.1517857142857143,0.4642857142857143,0.4553571428571429,0.2767857142857143,1.0,0.4821428571428571,0.4017857142857143,1.0,F
164.23334561061318,110.8416663881383,62.71136460862163,73,44,31.86554830148905,0.3813559322033898,0.3389830508474576,0.4152542372881356,0.2542372881355932,0.38983050847457623,0.4067796610169492,0.288135593220339,0.47457627118644063,0.48305084745762716,0.2627118644067796,1.0,0.4576271186440678,0.3728813559322034,1.0,F
160.1549235422232,112.57112124442729,60.129927767450674,70,43,32.75174979827892,0.33333333333333337,0.3508771929824561,0.38596491228070173,0.1578947368421053,0.32456140350877194,0.26315789473684215,0.2807017543859649,0.5087719298245614,0.5263157894736843,0.23684210526315785,1.0,0.48245614035087714,0.35964912280701755,1.0,F
158.42924482955516,102.44005068237132,56.71921688467856,77,39,37.10441065864587,0.28205128205128205,0.29059829059829057,0.3162393162393162,0.14529914529914534,0.2564102564102564,0.17948717948717952,0.05982905982905984,0.4017094017094017,0.3846153846153846,0.2991452991452992,1.0,0.4273504273504274,0.3589743589743589,1.0,F
160.61291089572194,109.40885136538962,55.48099219565778,85,49,32.836258416237904,0.13978494623655913,0.13978494623655913,0.10752688172043012,0.08602150537634412,0.16129032258064513,0.10752688172043012,0.08602150537634412,0.17204301075268813,0.17204301075268813,0.20430107526881724,1.0,0.17204301075268813,0.34408602150537637,1.0,F
131.37930616609958,78.63907523931715,83.85295747864434,49,42,56.5793435333148,0.2717391304347826,0.2717391304347826,0.11956521739130432,0.04347826086956519,0.3586956521739131,0.07608695652173914,0.03260869565217395,0.3586956521739131,0.32608695652173914,0.9456521739130435,1.0,0.3369565217391305,0.9130434782608696,1.0,F
129.10488242521987,86.50422897846005,86.40767628173647,50,39,56.975501946079746,0.34444444444444444,0.34444444444444444,0.25555555555555554,0.16666666666666663,0.4111111111111111,0.25555555555555554,0.12222222222222223,0.34444444444444444,0.34444444444444444,1.0,1.0,0.33333333333333337,0.9555555555555556,1.0,F
129.22601245669009,80.78114328439891,85.32089094359745,53,40,60.15858452735428,0.43617021276595747,0.44680851063829785,0.3936170212765957,0.3191489361702128,0.44680851063829785,0.3936170212765957,0.24468085106382975,0.36170212765957444,0.34042553191489366,0.5638297872340425,1.0,0.35106382978723405,0.5851063829787234,1.0,F
127.88931606810931,83.85435608281077,83.67933380420365,50,39,60.1146358127299,0.43333333333333335,0.4444444444444444,0.38888888888888884,0.3666666666666667,0.4555555555555556,0.34444444444444444,0.23333333333333328,0.4222222222222223,0.4111111111111111,0.9777777777777777,1.0,0.4111111111111111,0.8777777777777778,1.0,F
121.61569880117992,75.6084504096062,85.74398039922131,55,42,65.94234232471834,0.37755102040816324,0.36734693877551017,0.29591836734693877,0.22448979591836737,0.3877551020408163,0.2857142857142857,0.18367346938775508,0.30612244897959184,0.2857142857142857,0.5,1.0,0.2857142857142857,0.4897959183673469,1.0,F
158.99185982244362,120.48849138597203,79.83163335531975,29,25,26.67261526608509,0.34545454545454546,0.34545454545454546,0.34545454545454546,0.2545454545454545,0.36363636363636365,0.32727272727272727,0.09090909090909094,0.4,0.4,0.34545454545454546,1.0,0.38181818181818183,0.4363636363636364,1.0,F
155.85739290420597,111.7377889164322,81.40602177470582,24,30,27.090025394976287,0.2545454545454545,0.2545454545454545,0.21818181818181814,0.1454545454545455,0.2545454545454545,0.18181818181818177,0.10909090909090913,0.2545454545454545,0.2545454545454545,0.2545454545454545,1.0,0.2545454545454545,0.49090909090909096,1.0,F
162.05280569987025,130.3080612395429,64.29053272910261,32,31,23.57484829103488,0.28125,0.265625,0.140625,0.09375,0.3125,0.125,0.078125,0.359375,0.359375,0.265625,1.0,0.34375,0.34375,1.0,F
162.26352532252986,113.94007071874438,66.65292681420783,39,33,28.37905299277963,0.3013698630136986,0.3013698630136986,0.1095890410958904,0.04109589041095896,0.3287671232876712,0.0821917808219178,0.04109589041095896,0.36986301369863017,0.36986301369863017,0.28767123287671237,1.0,0.3561643835616438,0.3835616438356164,1.0,F
154.53988965669683,121.25367786883031,78.34910369658967,30,30,27.996947026626003,0.2622950819672131,0.24590163934426235,0.21311475409836067,0.08196721311475408,0.2786885245901639,0.09836065573770492,0.08196721311475408,0.29508196721311475,0.29508196721311475,0.24590163934426235,1.0,0.29508196721311475,0.4590163934426229,1.0,F
156.3257257900877,117.56868451966896,80.70897381741491,86,68,37.66810069180956,0.1785714285714286,0.1785714285714286,0.1517857142857143,0.125,0.1785714285714286,0.1607142857142857,0.1428571428571429,0.1964285714285714,0.1964285714285714,0.25,1.0,0.1964285714285714,0.3482142857142857,1.0,F
153.7686681482718,118.39618907702226,77.89253583627644,74,57,36.331261886680814,0.3712121212121212,0.3712121212121212,0.3787878787878788,0.3484848484848485,0.3939393939393939,0.25757575757575757,0.25757575757575757,0.4015151515151515,0.4015151515151515,0.3560606060606061,1.0,0.4015151515151515,0.5303030303030303,1.0,F
161.14206109592993,128.5353565080053,78.17056574095321,87,61,30.01707075054081,0.16190476190476188,0.16190476190476188,0.1428571428571429,0.1333333333333333,0.16190476190476188,0.1428571428571429,0.1333333333333333,0.16190476190476188,0.16190476190476188,0.19047619047619047,1.0,0.16190476190476188,0.3142857142857143,1.0,F
98.83038323286046,72.08706092821981,79.81776368732449,27,31,64.97741875403378,0.27118644067796616,0.30508474576271183,0.15254237288135597,0.11864406779661019,0.2542372881355932,0.13559322033898302,0.10169491525423724,0.30508474576271183,0.30508474576271183,0.4915254237288136,1.0,0.288135593220339,0.711864406779661,1.0,F
104.93704306457832,75.09587386388152,82.59905879616082,28,31,61.75157965520514,0.30000000000000004,0.31666666666666665,0.25,0.21666666666666667,0.30000000000000004,0.15000000000000002,0.1333333333333333,0.31666666666666665,0.30000000000000004,0.7,1.0,0.2833333333333333,0.7,1.0,F
99.94760210652336,75.57283400703109,83.75145350397223,29,29,63.476378883158596,0.3220338983050848,0.3220338983050848,0.30508474576271183,0.3220338983050848,0.3220338983050848,0.13559322033898302,0.0847457627118644,0.3220338983050848,0.3220338983050848,0.6779661016949152,1.0,0.3220338983050848,0.6779661016949152,1.0,F
96.51719082053182,80.27810925698238,83.3162950294343,29,29,62.376688805635254,0.3220338983050848,0.3389830508474576,0.27118644067796616,0.10169491525423724,0.3220338983050848,0.13559322033898302,0.0847457627118644,0.3220338983050848,0.3220338983050848,0.5423728813559322,1.0,0.30508474576271183,0.7457627118644068,1.0,F
121.18437689799794,73.30816659692356,83.40643844184922,29,28,58.04628208409347,0.2931034482758621,0.31034482758620685,0.12068965517241381,0.06896551724137934,0.31034482758620685,0.08620689655172409,0.03448275862068961,0.31034482758620685,0.31034482758620685,0.7586206896551724,1.0,0.31034482758620685,0.7413793103448276,1.0,F
110.17800181715141,74.92243929564195,82.82846199451518,31,27,58.84636735316107,0.23728813559322037,0.27118644067796616,0.0847457627118644,0.05084745762711862,0.22033898305084743,0.06779661016949157,0.05084745762711862,0.288135593220339,0.288135593220339,0.5254237288135593,1.0,0.288135593220339,0.7457627118644068,1.0,F
108.92404992705526,74.51972803981535,81.89004697879412,30,26,62.26661067770293,0.42105263157894735,0.4385964912280702,0.4035087719298246,0.24561403508771928,0.42105263157894735,0.10526315789473684,0.07017543859649122,0.42105263157894735,0.42105263157894735,0.7719298245614035,1.0,0.42105263157894735,0.736842105263158,1.0,F
111.98466283480094,68.86268153060259,84.26618617934001,29,27,63.97090424807821,0.3157894736842105,0.3508771929824561,0.24561403508771928,0.21052631578947367,0.3157894736842105,0.08771929824561409,0.052631578947368474,0.33333333333333337,0.3157894736842105,0.7192982456140351,1.0,0.3157894736842105,0.7017543859649122,1.0,F
118.4910623856889,74.94860122607645,85.7411062218292,27,29,57.79556132975654,0.29824561403508776,0.3157894736842105,0.2807017543859649,0.1228070175438597,0.29824561403508776,0.08771929824561409,0.07017543859649122,0.29824561403508776,0.29824561403508776,0.5964912280701755,1.0,0.29824561403508776,0.736842105263158,1.0,F
110.92782943690696,77.4319868127324,84.16026306865366,27,27,57.5399768946533,0.23636363636363633,0.2727272727272727,0.21818181818181814,0.10909090909090913,0.23636363636363633,0.10909090909090913,0.054545454545454564,0.2545454545454545,0.2545454545454545,0.4727272727272728,1.0,0.23636363636363633,0.6363636363636364,1.0,F
144.27407750344926,110.28694348311521,81.82692493239571,29,27,37.951247352726114,0.3157894736842105,0.3157894736842105,0.3157894736842105,0.22807017543859653,0.3157894736842105,0.21052631578947367,0.14035087719298245,0.3157894736842105,0.3157894736842105,0.24561403508771928,1.0,0.3157894736842105,0.49122807017543857,1.0,F
136.84280663916087,108.69263132173079,79.1622821335628,32,27,40.885539156481144,0.31666666666666665,0.31666666666666665,0.19999999999999996,0.06666666666666665,0.33333333333333337,0.08333333333333337,0.050000000000000044,0.35,0.35,0.23333333333333328,1.0,0.35,0.5,1.0,F
142.5267517762429,108.1709910575802,77.98969468986229,31,27,38.49502714742061,0.288135593220339,0.30508474576271183,0.2542372881355932,0.22033898305084743,0.288135593220339,0.1694915254237288,0.10169491525423724,0.30508474576271183,0.3220338983050848,0.23728813559322037,1.0,0.30508474576271183,0.44067796610169496,1.0,F
139.79440024914422,109.59788123975014,83.5531636518812,30,26,38.79395092244108,0.4035087719298246,0.4035087719298246,0.33333333333333337,0.29824561403508776,0.4035087719298246,0.3157894736842105,0.10526315789473684,0.4035087719298246,0.4035087719298246,0.3508771929824561,1.0,0.4035087719298246,0.6491228070175439,1.0,F
136.82552942945676,102.45383924542618,77.60403333513027,28,26,42.0318313612017,0.4363636363636364,0.4363636363636364,0.4,0.38181818181818183,0.4363636363636364,0.4,0.2727272727272727,0.4363636363636364,0.4727272727272728,0.36363636363636365,1.0,0.4363636363636364,0.5272727272727273,1.0,F
139.81219160669772,104.06116119776642,79.99744941340268,28,52,43.04648790040618,0.33333333333333337,0.345679012345679,0.28395061728395066,0.24691358024691357,0.33333333333333337,0.2592592592592593,0.2222222222222222,0.37037037037037035,0.3580246913580247,0.32098765432098764,1.0,0.3580246913580247,0.49382716049382713,1.0,F
135.51856484448766,103.97852050136717,79.52841129321303,29,42,45.35393245294611,0.3055555555555556,0.3472222222222222,0.2222222222222222,0.05555555555555558,0.3055555555555556,0.08333333333333337,0.04166666666666663,0.4027777777777778,0.4027777777777778,0.25,1.0,0.38888888888888884,0.5,1.0,F
135.73470538382537,101.65745271524251,78.36134809899796,29,37,43.09898040332604,0.29850746268656714,0.31343283582089554,0.28358208955223885,0.25373134328358204,0.31343283582089554,0.07462686567164178,0.04477611940298509,0.34328358208955223,0.35820895522388063,0.25373134328358204,1.0,0.34328358208955223,0.417910447761194,1.0,F
141.9538923499895,104.24045900881173,77.04302307463259,27,40,43.126765740265974,0.3088235294117647,0.32352941176470584,0.27941176470588236,0.25,0.3088235294117647,0.13235294117647056,0.05882352941176472,0.3529411764705882,0.3529411764705882,0.25,1.0,0.3529411764705882,0.3382352941176471,1.0,F
139.8523206017595,106.68174999424612,78.82235001742424,27,39,42.48927328679474,0.26865671641791045,0.28358208955223885,0.28358208955223885,0.19402985074626866,0.28358208955223885,0.11940298507462688,0.07462686567164178,0.31343283582089554,0.31343283582089554,0.25373134328358204,1.0,0.31343283582089554,0.4029850746268657,1.0,F
142.09152119356062,103.69112808717115,76.96344437043278,63,26,43.11506147709791,0.6555555555555556,0.6555555555555556,0.5222222222222221,0.33333333333333337,0.6555555555555556,0.15555555555555556,0.0888888888888889,0.6555555555555556,0.6555555555555556,0.47777777777777775,1.0,0.6444444444444444,0.4666666666666667,1.0,F
145.7682425783119,102.84493153882975,78.20542003820208,52,25,40.52393450604616,0.42307692307692313,0.46153846153846156,0.39743589743589747,0.3717948717948718,0.46153846153846156,0.42307692307692313,0.34615384615384615,0.46153846153846156,0.46153846153846156,0.34615384615384615,1.0,0.46153846153846156,0.41025641025641024,1.0,F
138.85948350564715,106.12565559226898,78.53444857322093,55,26,41.42521434970232,0.4024390243902439,0.41463414634146345,0.3292682926829268,0.23170731707317072,0.41463414634146345,0.3414634146341463,0.3414634146341463,0.4512195121951219,0.4512195121951219,0.29268292682926833,1.0,0.4512195121951219,0.426829268292683,1.0,F
139.94852589902573,110.51724020611778,76.38030074995777,55,25,40.697592331665064,0.40740740740740744,0.40740740740740744,0.40740740740740744,0.33333333333333337,0.40740740740740744,0.3580246913580247,0.3950617283950617,0.4444444444444444,0.4444444444444444,0.32098765432098764,1.0,0.4320987654320988,0.3950617283950617,1.0,F
